<?xml version="1.0" encoding="UTF-8"?>
<project-private xmlns="http://www.netbeans.org/ns/project-private/1">
    <editor-bookmarks xmlns="http://www.netbeans.org/ns/editor-bookmarks/2" lastBookmarkId="0"/>
    <open-files xmlns="http://www.netbeans.org/ns/projectui-open-files/2">
        <group>
            <file>file:/C:/Users/Sameer%20Zalmay/Desktop/NetBeansProjects/Android%20PC%20Controller/src/android/pc/controller/Database.java</file>
            <file>file:/C:/Users/Sameer%20Zalmay/Desktop/NetBeansProjects/Android%20PC%20Controller/src/android/pc/controller/APCC.java</file>
            <file>file:/C:/Users/Sameer%20Zalmay/Desktop/NetBeansProjects/Android%20PC%20Controller/src/android/pc/controller/MouseKey.java</file>
            <file>file:/C:/Users/Sameer%20Zalmay/Desktop/NetBeansProjects/Android%20PC%20Controller/src/android/pc/controller/Screen.java</file>
            <file>file:/C:/Users/Sameer%20Zalmay/Desktop/NetBeansProjects/Android%20PC%20Controller/src/android/pc/controller/Server.java</file>
            <file>file:/C:/Users/Sameer%20Zalmay/Desktop/NetBeansProjects/Android%20PC%20Controller/src/android/pc/controller/ProcessList.java</file>
        </group>
    </open-files>
</project-private>
